"indicador","ano","min","q4neg","q3neg","q2neg","q0","q2","q3","q4","max"
"INDICADOR_102","2007","159.468143871657","164.024637719071","202.150458493647","244.316266902866","325.089514402376","489.394707090063","754.92457181845","1315.04451067808","1408.38792220279"
"INDICADOR_102","2008","142.165837380757","149.829718823252","205.156221960364","246.027131233889","331.686896139483","458.065394107075","743.212409536455","1097.94303472098","1158.22679604137"
"INDICADOR_102","2009","203.283270979895","204.307559978829","216.130049763265","269.415653368939","344.291676155847","475.834647782548","736.903227245155","1174.25509733768","1240.31633006274"
"INDICADOR_102","2010","222.921758502658","225.548312920944","247.393016445157","288.398096088573","368.431021976666","485.29425478745","810.449667898081","1112.98777728354","1172.78154819656"
"INDICADOR_102","2011","92.5663130800199","108.537809967587","245.232856775293","308.781421922091","387.99715484126","506.222774402929","863.719491968404","1174.27107228129","1235.69057312041"
"INDICADOR_102","2012","13.783037805286","59.0875054971676","259.241796908658","317.899618229929","415.47131498471","533.766404418277","853.186315754596","930.22774177953","935.118815899582"
