"indicador","ano","min","q4neg","q3neg","q2neg","q0","q2","q3","q4","max"
"INDICADOR_113","2007","0.13035243354582","0.135623175777965","0.184804861301745","0.383182690920739","0.540549956442649","0.643227577538485","0.726051824480141","0.795595109585682","0.798270027812582"
"INDICADOR_113","2008","0.112649609940822","0.11628041674568","0.215839526739166","0.378894319564017","0.513071362567528","0.631129566220198","0.690811595783618","0.749082279584564","0.753083494218106"
"INDICADOR_113","2009","0.151794108769","0.164226315386293","0.285203781533655","0.454966379699568","0.579989801941015","0.688900726806996","0.74869569818323","0.822603474386051","0.834030698296216"
"INDICADOR_113","2010","0.22917350185774","0.239926971186108","0.30716309091787","0.479454665313377","0.585135052562066","0.692572077666743","0.771407515599122","0.839128239152077","0.848133562837225"
"INDICADOR_113","2011","0.225507019328191","0.240066105458327","0.348040361887239","0.456014618316152","0.563988874745065","0.671963131173978","0.779937387602891","0.887911644031804","0.852794402969521"
"INDICADOR_113","2012","0.202374933158154","0.225011769449052","0.336470517923974","0.447929266398895","0.559388014873817","0.670846763348738","0.78230551182366","0.893764260298581","0.845597492164223"
