"indicador","ano","min","q4neg","q3neg","q2neg","q0","q2","q3","q4","max"
"INDICADOR_021","2008","9.33","5.86674058823371","20.1696520965299","34.472563604826","48.7754751131222","63.0783866214183","77.3812981297145","91.6842096380106","85.12"
"INDICADOR_021","2009","10.53","5.35476444028675","20.955589566526","36.5564146927653","52.1572398190045","67.7580649452438","83.358890071483","98.9597151977223","92.16"
"INDICADOR_021","2010","13.98","13.8908125022438","28.6074194962169","43.3240264901899","58.0406334841629","72.7572404781359","87.4738474721089","102.190454466082","95.56"
"INDICADOR_021","2011","18.87","22.7489834194917","35.4549482223459","48.1609130252001","60.8668778280543","73.5728426309085","86.2788074337627","98.9847722366169","95.83"
