"indicador","ano","min","q4neg","q3neg","q2neg","q0","q2","q3","q4","max"
"INDICADOR_101","2007","159.869646774737","166.766544011814","216.711358453157","252.711532585666","344.877236288331","519.920686734629","780.318002553206","1557.12939773507","1713.57986861012"
"INDICADOR_101","2008","143.789050374541","152.657073624972","208.888159188842","260.912086519812","354.92934455903","484.399622850107","808.21596230223","1213.34323819505","1281.41566561237"
"INDICADOR_101","2009","218.300485941498","220.795178855954","231.753652559632","276.433496981933","363.356053092938","492.825028328893","841.764385708271","1273.43984078132","1298.10480973878"
"INDICADOR_101","2010","227.855323887874","230.299903232081","256.606438189508","300.342863780068","390.685692485547","525.673765217334","898.183073951705","1224.62151290992","1238.86782870609"
"INDICADOR_101","2011","97.2911364318086","119.656948591958","263.486101298645","322.492861681913","418.579448493349","538.166200251227","934.44287774598","1275.0572952211","1315.05549318446"
"INDICADOR_101","2012","14.367012378722","59.6163804524637","275.392839450861","337.408719655132","448.226630288095","612.040097023105","894.208446341547","1223.95753559616","1268.8181296191"
