"indicador","ano","min","q4neg","q3neg","q2neg","q0","q2","q3","q4","max"
"INDICADOR_201","1991","51.26","51.392","52.0716","54.7652","57.18","60.7712","63.7916","65.0612","65.29"
"INDICADOR_201","2010","65.3","64.8831076006578","66.6898092903329","68.4965109800081","70.3032126696833","72.1099143593584","73.9166160490336","75.7233177387088","74.31"
"INDICADOR_201","2000","58.3","58.3","58.64","61.26","63.24","65.1164","67.6168","69.982","70.51"
