"indicador","ano","min","q4neg","q3neg","q2neg","q0","q2","q3","q4","max"
"INDICADOR_107","2007","0","0","0","0.239930142213718","0.819725425440718","1","1","1","1"
"INDICADOR_107","2008","0","0","0","0.221626732225687","0.85917860090474","0.999993604120988","1","1","1"
"INDICADOR_107","2009","0","0","0","0.237857178080387","0.907005807379791","1","1","1","1"
"INDICADOR_107","2010","0","0","0","0.332502966098645","0.879808646251635","0.999354769794582","1","1","1"
"INDICADOR_107","2011","0","0","0.0087585071524423","0.308376566121824","0.869533387536154","1","1","1","1"
"INDICADOR_107","2012","0","0","0.00716181005595177","0.295160479516445","0.858827210887146","0.996218598925265","1","1","1"
