"indicador","ano","min","q4neg","q3neg","q2neg","q0","q2","q3","q4","max"
"INDICADOR_111","2007","0","0","0","0","0.00895180957578126","0.0208662122998393","0.0571634190898425","0.0997789048436364","0.104459204143135"
"INDICADOR_111","2008","0","0","0","0","0.00700161649220244","0.0208359039889039","0.0611708216704568","0.130017876317853","0.132321291558151"
"INDICADOR_111","2009","0","0","0","0","0.00430487495796907","0.0199878789609791","0.0829640240516773","0.124141708131821","0.124284951225101"
"INDICADOR_111","2010","0","0","0","0","0.00731361619554038","0.0238898924909091","0.0943517207015524","0.299676230136471","0.326357159022152"
"INDICADOR_111","2011","0","0","0","0","0.00690517882021683","0.0247471929442364","0.0843328799512375","0.209683843828292","0.228512221344698"
"INDICADOR_111","2012","0","0","0","0","0.00799350273200954","0.0230168380571501","0.0847868679034662","0.189163998168772","0.191213512213361"
