"indicador","ano","min","q4neg","q3neg","q2neg","q0","q2","q3","q4","max"
"INDICADOR_103","2007","0.131059168225886","0.133080437573464","0.177743306637056","0.19832888962547","0.232142071566059","0.277338813479647","0.35271132226466","0.49186040335028","0.499598290630935"
"INDICADOR_103","2008","0.107529744813085","0.11701074806716","0.160647100318876","0.197557877797546","0.229702077012039","0.273249314660565","0.341644801283342","0.442619883154832","0.443658548173168"
"INDICADOR_103","2009","0.148851662007346","0.149643943290831","0.167033529009677","0.194650494711013","0.224012960238246","0.275998425306324","0.344908201684688","0.485627815437709","0.501532009590727"
"INDICADOR_103","2010","0.130339047986563","0.13316231458476","0.162097369278333","0.192831782172594","0.223102413064395","0.270347635136085","0.363262898785572","0.529611445837667","0.542148747060161"
"INDICADOR_103","2011","0.100279341717788","0.103423627644805","0.155267933410603","0.189830611587043","0.224232899447564","0.272192680352328","0.367417535073878","0.479472468370493","0.493633891445211"
"INDICADOR_103","2012","0.0147456652511102","0.0385351938958285","0.148710862434544","0.188233269566073","0.228201731495229","0.289529113826607","0.365963850638608","0.422974333683945","0.426486753768431"
