"indicador","ano","min","q4neg","q3neg","q2neg","q0","q2","q3","q4","max"
"INDICADOR_109","2007","0","0","0","0","0","0","0.192077493862241","0.369478614853089","0.375604118142332"
"INDICADOR_109","2008","0","0","0","0","0","0","0.0969679083002993","0.24522631972207","0.264758522272361"
"INDICADOR_109","2009","0","0","0","0","0","0.000152554266869983","0.0779730825605385","0.378508161091747","0.39236244055859"
"INDICADOR_109","2010","0","0","0","0","0","0.00318403902624008","0.0873842597269141","0.236280883142616","0.244055933510865"
"INDICADOR_109","2011","0","0","0","0","0","0.0054273319235015","0.136651806878298","0.273613263464793","0.274512400858528"
"INDICADOR_109","2012","0","0","0","0","0","0.00831544151716611","0.112238751575389","0.321881803882963","0.327508380108043"
