"indicador","ano","min","q4neg","q3neg","q2neg","q0","q2","q3","q4","max"
"INDICADOR_108","2007","0","0","0","0","0.0189527766927019","0.606989213436471","0.924495825261542","0.997667599973949","1"
"INDICADOR_108","2008","0","0","0","0","0.031422584416202","0.644020989313476","0.941151275953903","0.992184360488865","1"
"INDICADOR_108","2009","0","0","0","0","0.0236569939215774","0.633363411941673","0.945430803620524","0.996102054234931","1"
"INDICADOR_108","2010","0","0","0","0","0.00915866725205057","0.541713960221664","0.886199137097065","0.995131362730377","1"
"INDICADOR_108","2011","0","0","0","0","0.027900040026938","0.578608965849278","0.875604506928438","0.996281048166049","1"
"INDICADOR_108","2012","0","0","0","0","0.0428307683147601","0.552180258677408","0.865608663336475","0.997334786559547","1"
