"indicador","ano","min","q4neg","q3neg","q2neg","q0","q2","q3","q4","max"
"INDICADOR_110","2007","0","0","0","0","0","0.00394070671621588","0.190228399207217","0.325782224411143","0.344782979754529"
"INDICADOR_110","2008","0","0","0","0","0","0.00642591003438651","0.155611151225241","0.277100468890447","0.283867241460084"
"INDICADOR_110","2009","0","0","0","0","0","0.00463893259821503","0.178321495763727","0.301419470781888","0.312525930740948"
"INDICADOR_110","2010","0","0","0","0","0","0.00286308349009519","0.0528765703329721","0.190567936492821","0.19149795445647"
"INDICADOR_110","2011","0","0","0","0","0","0.00365373274316516","0.0444096888589352","0.136667576522874","0.141382484539227"
"INDICADOR_110","2012","0","0","0","0","0","0.00398106506013551","0.0518686072196619","0.167374102768896","0.177151398712557"
