"indicador","ano","min","q4neg","q3neg","q2neg","q0","q2","q3","q4","max"
"INDICADOR_207","1991","0.131","0.126283321809755","0.178276362352808","0.230269402895861","0.282262443438914","0.334255483981967","0.38624852452502","0.438241565068073","0.444"
"INDICADOR_207","2010","0.513","0.51322","0.52484","0.55452","0.583","0.618","0.67396","0.73898","0.748"
"INDICADOR_207","2000","0.295","0.2972","0.31284","0.37728","0.413","0.4562","0.51728","0.58976","0.599"
