"indicador","ano","min","q4neg","q3neg","q2neg","q0","q2","q3","q4","max"
"INDICADOR_105","2007","0.563492510673698","0.581971140978002","0.735533250088006","0.894963561456771","0.963068152392172","0.996784298418891","1","1","1"
"INDICADOR_105","2008","0.53087440932286","0.567069615389911","0.823787135233599","0.899965898650231","0.963850990190601","0.993254745285069","0.999761218385122","1","1"
"INDICADOR_105","2009","0.602912583309687","0.608582654978978","0.848051385567477","0.929563812028909","0.969075130474378","0.993204056703705","0.998077890444861","1","1"
"INDICADOR_105","2010","0.590497435193892","0.601012300425539","0.734951995844692","0.914208518822941","0.970736675035824","0.99443687656654","0.99937170727243","1","1"
"INDICADOR_105","2011","0.63797251980553","0.65416387171347","0.753676088109223","0.903925239010764","0.953185758834002","0.984841245756599","0.997505708914043","0.999485711402911","0.999676621829162"
"INDICADOR_105","2012","0.598243803170909","0.60154257868269","0.681649295292034","0.879851748857441","0.94946722771364","0.981278969495192","0.996970695873905","0.999524129769131","0.999817412659537"
