"indicador","ano","min","q4neg","q3neg","q2neg","q0","q2","q3","q4","max"
"INDICADOR_112","2007","0","0","0","0","0","0.0309977406259168","0.635412541392502","0.746384526729431","0.752195964088385"
"INDICADOR_112","2008","0","0","0","0","0","0.00260217659714791","0.647295735240871","0.808613588343794","0.811132991835255"
"INDICADOR_112","2009","0","0","0","0","0","0","0.670817358189591","0.780554347776155","0.786871206832293"
"INDICADOR_112","2010","0","0","0","0","0","0.00288067968800092","0.673647385632593","0.772255209001931","0.772293703038499"
"INDICADOR_112","2011","0","0","0","0","0","0.00181439367669345","0.679237376522175","0.832310912892209","0.843594951113203"
"INDICADOR_112","2012","0","0","0","0","0","0.00358101301341099","0.684836611647435","0.76776734222422","0.772156896064797"
