"indicador","ano","min","q4neg","q3neg","q2neg","q0","q2","q3","q4","max"
"INDICADOR_208","1991","0.438","0.4402","0.45136","0.496","0.536","0.59648","0.647","0.66804","0.672"
"INDICADOR_208","2010","0.672","0.664814971073785","0.694921896251301","0.725028821428818","0.755135746606335","0.785242671783852","0.815349596961368","0.845456522138885","0.822"
"INDICADOR_208","2000","0.555","0.555","0.561","0.604","0.637","0.66844","0.71028","0.7502","0.759"
