"indicador","ano","min","q4neg","q3neg","q2neg","q0","q2","q3","q4","max"
"INDICADOR_206","1991","4.04","2.67046991356525","4.19066018370414","5.71085045384302","7.2310407239819","8.75123099412078","10.2714212642597","11.7916115343985","11.48"
"INDICADOR_206","2010","5.05","4.4950558527415","6.20373255944456","7.91240926614762","9.62108597285068","11.3297626795537","13.0384393862568","14.7471160929599","13.95"
"INDICADOR_206","2000","4.21","3.41425275843062","4.96633441813927","6.51841607784791","8.07049773755656","9.62257939726521","11.1746610569739","12.7267427166825","12.37"
