"indicador","ano","min","q4neg","q3neg","q2neg","q0","q2","q3","q4","max"
"INDICADOR_002","2008","0","3.3836","23.63","35.3344","43.56","53.492","66.3552","75.5236","75.77"
"INDICADOR_002","2009","7.69","9.36209772376375","19.9537061748169","30.54531462587","41.1369230769231","51.7285315279762","62.3201399790293","72.9117484300824","71.69"
"INDICADOR_002","2010","17.24","9.85433919482953","20.4405549383328","31.0267706818361","41.6129864253394","52.1992021688426","62.7854179123459","73.3716336558492","72.32"
"INDICADOR_002","2011","6.67","3.68631574495377","14.9431245237852","26.1999333026166","37.456742081448","48.7135508602794","59.9703596391108","71.2271684179422","69.63"
"INDICADOR_002","2012","0","0","12.704","24.9544","34.56","50","62.7972","68.8736","69.12"
