"indicador","ano","min","q4neg","q3neg","q2neg","q0","q2","q3","q4","max"
"INDICADOR_207","1991","0.131","0.13452","0.17136","0.23976","0.278","0.33124","0.39776","0.44224","0.444"
"INDICADOR_207","2010","0.513","0.51322","0.52484","0.55452","0.583","0.618","0.67396","0.73898","0.748"
"INDICADOR_207","2000","0.295","0.2972","0.31284","0.37728","0.413","0.4562","0.51728","0.58976","0.599"
